,Age,Income,Orders,TotalPurchase,CLV
Age,1.0,-0.06424479650084522,-0.023006876654082537,0.1449509895645847,0.11976424021097615
Income,-0.06424479650084522,1.0,0.3122484141095389,0.1678181767077867,0.1901904187581461
Orders,-0.023006876654082537,0.3122484141095389,1.0,0.80584326566438,0.8432742697695912
TotalPurchase,0.1449509895645847,0.1678181767077867,0.80584326566438,1.0,0.9545132768970028
CLV,0.11976424021097615,0.1901904187581461,0.8432742697695912,0.9545132768970028,1.0
