SegmentName,MonthlyCharges,CustomerLifetimeValue,SatisfactionScore,Tenure
At Risk Customers,96.74236220472442,6928.894566929133,5.448818897637795,41.67716535433071
Loyal Customers,41.155142857142856,8259.131428571429,4.161904761904762,51.457142857142856
New Customers,57.63639097744361,4081.3030827067673,5.488721804511278,19.406015037593985
Premium Customers,77.68014814814815,10665.206962962962,7.2,39.888888888888886
